subject,labelType,horizon,weighting,regime,meanIC,stdIC,icIR,tStat,neweyWestTStat,nDates
trend,fwd,1,EW,ALL,0.006768,0.143958,0.047017,1.593733,1.558661,1149
trend,fwd,3,EW,ALL,0.008827,0.148725,0.059354,2.010152,1.34647,1147
trend,fwd,5,EW,ALL,0.009733,0.146242,0.066552,2.251983,1.24676,1145
trend,fwd,10,EW,ALL,0.011604,0.137817,0.084201,2.84297,1.163073,1140
trend,fwd,21,EW,ALL,0.011803,0.137203,0.086029,2.890615,0.834962,1129
trend,fwd,63,EW,ALL,0.018217,0.134768,0.135174,4.456647,0.765476,1087
trend,fwd,1,EW,BULL,0.009859,0.134365,0.073372,1.756344,1.734936,573
trend,fwd,3,EW,BULL,0.017206,0.141406,0.121677,2.91264,1.999329,573
trend,fwd,5,EW,BULL,0.021932,0.135989,0.161277,3.860558,2.220994,573
trend,fwd,10,EW,BULL,0.027643,0.130788,0.21136,5.054998,2.003707,572
trend,fwd,21,EW,BULL,0.032962,0.138467,0.238047,5.693245,1.577952,572
trend,fwd,63,EW,BULL,0.03983,0.126307,0.315345,7.54196,1.453258,572
trend,fwd,1,EW,BEAR,-0.005958,0.1622,-0.036735,-0.359923,-0.323098,96
trend,fwd,3,EW,BEAR,-0.032104,0.175127,-0.183319,-1.796152,-1.332956,96
trend,fwd,5,EW,BEAR,-0.038833,0.167432,-0.231935,-2.272491,-1.552519,96
trend,fwd,10,EW,BEAR,-0.03425,0.13375,-0.256075,-2.509011,-1.262763,96
trend,fwd,21,EW,BEAR,-0.038969,0.13794,-0.282504,-2.767966,-1.681858,96
trend,fwd,63,EW,BEAR,-0.103739,0.141255,-0.734409,-7.044199,-3.188355,92
trend,fwd,1,EW,SIDEWAYS,0.011265,0.145743,0.077296,1.431537,1.425534,343
trend,fwd,3,EW,SIDEWAYS,0.017328,0.143254,0.120963,2.233732,1.582888,341
trend,fwd,5,EW,SIDEWAYS,0.018876,0.145919,0.12936,2.381766,1.386498,339
trend,fwd,10,EW,SIDEWAYS,0.008964,0.148301,0.060446,1.106342,0.553404,335
trend,fwd,21,EW,SIDEWAYS,-0.006247,0.133876,-0.046662,-0.839917,-0.346869,324
trend,fwd,63,EW,SIDEWAYS,0.016003,0.129205,0.123862,2.09469,0.550782,286
trend,fwd,1,EW,HIGH_VOL,-0.008697,0.164707,-0.052803,-0.606657,-0.608441,132
trend,fwd,3,EW,HIGH_VOL,-0.018106,0.167381,-0.108173,-1.242813,-0.876771,132
trend,fwd,5,EW,HIGH_VOL,-0.032303,0.161659,-0.199822,-2.295779,-1.479025,132
trend,fwd,10,EW,HIGH_VOL,-0.015644,0.131995,-0.118519,-1.361678,-0.826707,132
trend,fwd,21,EW,HIGH_VOL,0.001409,0.12196,0.011554,0.132742,0.048858,132
trend,fwd,63,EW,HIGH_VOL,0.016924,0.13196,0.128253,1.473515,0.560249,132
trend,xs,1,EW,ALL,0.00675,0.143987,0.046881,1.589115,1.554339,1149
trend,xs,3,EW,ALL,0.008826,0.148732,0.059339,2.00966,1.346218,1147
trend,xs,5,EW,ALL,0.009742,0.146244,0.066617,2.254181,1.248001,1145
trend,xs,10,EW,ALL,0.011621,0.137836,0.084311,2.846666,1.164651,1140
trend,xs,21,EW,ALL,0.011819,0.137205,0.086144,2.894478,0.836134,1129
trend,xs,63,EW,ALL,0.018205,0.134774,0.135079,4.453508,0.76482,1087
trend,xs,1,EW,BULL,0.009857,0.134409,0.073335,1.755455,1.734384,573
trend,xs,3,EW,BULL,0.017213,0.141418,0.121716,2.913572,2.000047,573
trend,xs,5,EW,BULL,0.021935,0.135987,0.161306,3.861241,2.221357,573
trend,xs,10,EW,BULL,0.027633,0.13079,0.211277,5.053005,2.003096,572
trend,xs,21,EW,BULL,0.03297,0.138467,0.238109,5.694744,1.57852,572
trend,xs,63,EW,BULL,0.039841,0.126314,0.315411,7.543527,1.453342,572
trend,xs,1,EW,BEAR,-0.005958,0.1622,-0.036735,-0.359923,-0.323098,96
trend,xs,3,EW,BEAR,-0.032104,0.175127,-0.183319,-1.796152,-1.332956,96
trend,xs,5,EW,BEAR,-0.038833,0.167432,-0.231935,-2.272491,-1.552519,96
trend,xs,10,EW,BEAR,-0.03425,0.13375,-0.256075,-2.509011,-1.262763,96
trend,xs,21,EW,BEAR,-0.038969,0.13794,-0.282504,-2.767966,-1.681858,96
trend,xs,63,EW,BEAR,-0.103739,0.141255,-0.734409,-7.044199,-3.188355,92
trend,xs,1,EW,SIDEWAYS,0.011207,0.145771,0.076881,1.423854,1.418058,343
trend,xs,3,EW,SIDEWAYS,0.017311,0.143258,0.120836,2.231389,1.581633,341
trend,xs,5,EW,SIDEWAYS,0.018903,0.145926,0.129535,2.385001,1.388527,339
trend,xs,10,EW,SIDEWAYS,0.009039,0.148361,0.060925,1.115103,0.557641,335
trend,xs,21,EW,SIDEWAYS,-0.006207,0.133885,-0.046359,-0.834462,-0.344738,324
trend,xs,63,EW,SIDEWAYS,0.015927,0.129208,0.123263,2.084571,0.548368,286
trend,xs,1,EW,HIGH_VOL,-0.008697,0.164707,-0.052803,-0.606657,-0.608441,132
trend,xs,3,EW,HIGH_VOL,-0.018106,0.167381,-0.108173,-1.242813,-0.876771,132
trend,xs,5,EW,HIGH_VOL,-0.032303,0.161659,-0.199822,-2.295779,-1.479025,132
trend,xs,10,EW,HIGH_VOL,-0.015644,0.131995,-0.118519,-1.361678,-0.826707,132
trend,xs,21,EW,HIGH_VOL,0.001409,0.12196,0.011554,0.132742,0.048858,132
trend,xs,63,EW,HIGH_VOL,0.016947,0.131968,0.128417,1.4754,0.560816,132
trend,resid,1,EW,ALL,-0.00104,0.096614,-0.010765,-0.364894,-0.365089,1149
trend,resid,3,EW,ALL,-0.001845,0.098928,-0.018648,-0.631558,-0.422772,1147
trend,resid,5,EW,ALL,-0.002172,0.097352,-0.022311,-0.75497,-0.416738,1145
trend,resid,10,EW,ALL,-0.002099,0.095203,-0.022049,-0.744455,-0.302043,1140
trend,resid,21,EW,ALL,0.000528,0.097323,0.005424,0.182257,0.050596,1129
trend,resid,63,EW,ALL,0.005232,0.097451,0.053687,1.770037,0.324489,1087
trend,resid,1,EW,BULL,0.00282,0.097466,0.028936,0.692646,0.699284,573
trend,resid,3,EW,BULL,0.00544,0.100497,0.054129,1.295704,0.888734,573
trend,resid,5,EW,BULL,0.007606,0.096655,0.078688,1.883582,1.069531,573
trend,resid,10,EW,BULL,0.007441,0.094383,0.078834,1.885427,0.756197,572
trend,resid,21,EW,BULL,0.004988,0.103634,0.048128,1.151066,0.309045,572
trend,resid,63,EW,BULL,0.015322,0.097355,0.157379,3.763953,0.798229,572
trend,resid,1,EW,BEAR,0.001375,0.094907,0.014488,0.141952,0.131627,96
trend,resid,3,EW,BEAR,-0.00976,0.106401,-0.091732,-0.898789,-0.639149,96
trend,resid,5,EW,BEAR,-0.014979,0.106257,-0.140971,-1.381228,-0.853776,96
trend,resid,10,EW,BEAR,-0.006125,0.104692,-0.058505,-0.573227,-0.269877,96
trend,resid,21,EW,BEAR,0.008552,0.102364,0.083546,0.818578,0.431071,96
trend,resid,63,EW,BEAR,-0.01612,0.114975,-0.140201,-1.344757,-0.577877,92
trend,resid,1,EW,SIDEWAYS,-0.001606,0.09412,-0.017068,-0.316097,-0.321487,343
trend,resid,3,EW,SIDEWAYS,0.000032,0.091266,0.000353,0.006527,0.00474,341
trend,resid,5,EW,SIDEWAYS,0.000381,0.090733,0.004194,0.077219,0.046933,339
trend,resid,10,EW,SIDEWAYS,-0.004881,0.093623,-0.052131,-0.954146,-0.446453,335
trend,resid,21,EW,SIDEWAYS,-0.005704,0.090971,-0.062698,-1.128571,-0.415644,324
trend,resid,63,EW,SIDEWAYS,-0.009091,0.103065,-0.088206,-1.491697,-0.334197,286
trend,resid,1,EW,HIGH_VOL,-0.016477,0.10015,-0.164525,-1.89025,-1.856608,132
trend,resid,3,EW,HIGH_VOL,-0.031455,0.102209,-0.307746,-3.535735,-2.453008,132
trend,resid,5,EW,HIGH_VOL,-0.041621,0.101094,-0.41171,-4.730184,-2.86739,132
trend,resid,10,EW,HIGH_VOL,-0.031682,0.089528,-0.353874,-4.065705,-2.389445,132
trend,resid,21,EW,HIGH_VOL,-0.009242,0.078283,-0.118064,-1.35645,-0.565785,132
trend,resid,63,EW,HIGH_VOL,0.009258,0.060523,0.152961,1.757384,0.819775,132
momentum,fwd,1,EW,ALL,-0.004178,0.142536,-0.029315,-0.99368,-0.968123,1149
momentum,fwd,3,EW,ALL,-0.006262,0.147365,-0.04249,-1.439027,-0.969127,1147
momentum,fwd,5,EW,ALL,-0.004281,0.147367,-0.029051,-0.983036,-0.551793,1145
momentum,fwd,10,EW,ALL,0.001955,0.138257,0.014142,0.477496,0.202666,1140
momentum,fwd,21,EW,ALL,0.004426,0.14014,0.031583,1.061209,0.323767,1129
momentum,fwd,63,EW,ALL,-0.002642,0.131282,-0.020126,-0.663535,-0.152606,1087
momentum,fwd,1,EW,BULL,-0.001799,0.132783,-0.013551,-0.324368,-0.320076,573
momentum,fwd,3,EW,BULL,0.001613,0.135478,0.011903,0.284921,0.196383,573
momentum,fwd,5,EW,BULL,0.009763,0.134437,0.072619,1.738312,0.987962,573
momentum,fwd,10,EW,BULL,0.021584,0.125104,0.172528,4.126277,1.734693,572
momentum,fwd,21,EW,BULL,0.035005,0.131617,0.265962,6.360893,1.928006,572
momentum,fwd,63,EW,BULL,0.026677,0.127787,0.208758,4.992762,1.014492,572
momentum,fwd,1,EW,BEAR,-0.013437,0.164431,-0.081721,-0.800702,-0.762509,96
momentum,fwd,3,EW,BEAR,-0.03901,0.173878,-0.224356,-2.198228,-1.762511,96
momentum,fwd,5,EW,BEAR,-0.048333,0.158348,-0.305235,-2.990676,-2.429394,96
momentum,fwd,10,EW,BEAR,-0.030302,0.13305,-0.227749,-2.231474,-1.283142,96
momentum,fwd,21,EW,BEAR,-0.019406,0.142749,-0.135946,-1.331997,-0.623555,96
momentum,fwd,63,EW,BEAR,-0.053728,0.128475,-0.418199,-4.011224,-2.918379,92
momentum,fwd,1,EW,SIDEWAYS,-0.001122,0.139549,-0.008043,-0.148966,-0.144356,343
momentum,fwd,3,EW,SIDEWAYS,0.001572,0.151924,0.010346,0.191056,0.139171,341
momentum,fwd,5,EW,SIDEWAYS,0.003038,0.154843,0.019622,0.361282,0.216721,339
momentum,fwd,10,EW,SIDEWAYS,-0.002275,0.152472,-0.014918,-0.273051,-0.141769,335
momentum,fwd,21,EW,SIDEWAYS,-0.028543,0.143557,-0.198828,-3.578906,-1.722918,324
momentum,fwd,63,EW,SIDEWAYS,-0.021157,0.120382,-0.175752,-2.972229,-1.281334,286
momentum,fwd,1,EW,HIGH_VOL,-0.018705,0.170464,-0.109728,-1.260673,-1.252047,132
momentum,fwd,3,EW,HIGH_VOL,-0.034318,0.160352,-0.214018,-2.458874,-1.847807,132
momentum,fwd,5,EW,HIGH_VOL,-0.051727,0.160276,-0.322738,-3.707978,-2.377459,132
momentum,fwd,10,EW,HIGH_VOL,-0.044303,0.142112,-0.311748,-3.581716,-1.962108,132
momentum,fwd,21,EW,HIGH_VOL,-0.026091,0.136555,-0.191066,-2.19518,-0.859252,132
momentum,fwd,63,EW,HIGH_VOL,-0.050159,0.136789,-0.366691,-4.212955,-2.167295,132
momentum,xs,1,EW,ALL,-0.0042,0.142546,-0.029465,-0.998787,-0.973187,1149
momentum,xs,3,EW,ALL,-0.006262,0.147366,-0.042496,-1.43922,-0.969293,1147
momentum,xs,5,EW,ALL,-0.004277,0.147363,-0.029023,-0.982063,-0.551222,1145
momentum,xs,10,EW,ALL,0.001979,0.138273,0.014312,0.483224,0.205082,1140
momentum,xs,21,EW,ALL,0.004443,0.140144,0.031702,1.065211,0.324982,1129
momentum,xs,63,EW,ALL,-0.002682,0.13129,-0.020426,-0.67343,-0.154866,1087
momentum,xs,1,EW,BULL,-0.001801,0.1328,-0.013562,-0.324641,-0.320384,573
momentum,xs,3,EW,BULL,0.001625,0.135479,0.011993,0.287078,0.197866,573
momentum,xs,5,EW,BULL,0.009761,0.134439,0.072605,1.737974,0.987785,573
momentum,xs,10,EW,BULL,0.021596,0.125105,0.172625,4.12858,1.735561,572
momentum,xs,21,EW,BULL,0.035019,0.131626,0.26605,6.362993,1.928669,572
momentum,xs,63,EW,BULL,0.026659,0.127799,0.208602,4.989033,1.013753,572
momentum,xs,1,EW,BEAR,-0.013437,0.164431,-0.081721,-0.800702,-0.762509,96
momentum,xs,3,EW,BEAR,-0.03901,0.173878,-0.224356,-2.198228,-1.762511,96
momentum,xs,5,EW,BEAR,-0.048333,0.158348,-0.305235,-2.990676,-2.429394,96
momentum,xs,10,EW,BEAR,-0.030302,0.13305,-0.227749,-2.231474,-1.283142,96
momentum,xs,21,EW,BEAR,-0.019406,0.142749,-0.135946,-1.331997,-0.623555,96
momentum,xs,63,EW,BEAR,-0.053728,0.128475,-0.418199,-4.011224,-2.918379,92
momentum,xs,1,EW,SIDEWAYS,-0.001192,0.139557,-0.008544,-0.158243,-0.153366,343
momentum,xs,3,EW,SIDEWAYS,0.001548,0.151925,0.010192,0.188203,0.137116,341
momentum,xs,5,EW,SIDEWAYS,0.003056,0.154824,0.019739,0.36343,0.217975,339
momentum,xs,10,EW,SIDEWAYS,-0.002215,0.152519,-0.014522,-0.265802,-0.137945,335
momentum,xs,21,EW,SIDEWAYS,-0.028509,0.14356,-0.198588,-3.574579,-1.720559,324
momentum,xs,63,EW,SIDEWAYS,-0.021269,0.120388,-0.176672,-2.987798,-1.288121,286
momentum,xs,1,EW,HIGH_VOL,-0.018705,0.170464,-0.109728,-1.260673,-1.252047,132
momentum,xs,3,EW,HIGH_VOL,-0.034318,0.160352,-0.214018,-2.458874,-1.847807,132
momentum,xs,5,EW,HIGH_VOL,-0.051727,0.160276,-0.322738,-3.707978,-2.377459,132
momentum,xs,10,EW,HIGH_VOL,-0.044303,0.142112,-0.311748,-3.581716,-1.962108,132
momentum,xs,21,EW,HIGH_VOL,-0.026091,0.136555,-0.191066,-2.19518,-0.859252,132
momentum,xs,63,EW,HIGH_VOL,-0.050167,0.136772,-0.366791,-4.214108,-2.167379,132
momentum,resid,1,EW,ALL,-0.009372,0.093132,-0.100636,-3.411263,-3.427351,1149
momentum,resid,3,EW,ALL,-0.015797,0.093506,-0.168939,-5.721519,-3.869435,1147
momentum,resid,5,EW,ALL,-0.016328,0.093169,-0.175246,-5.929963,-3.278576,1145
momentum,resid,10,EW,ALL,-0.016586,0.091084,-0.182095,-6.148218,-2.631043,1140
momentum,resid,21,EW,ALL,-0.012058,0.087236,-0.138228,-4.644532,-1.404829,1129
momentum,resid,63,EW,ALL,-0.014021,0.091798,-0.15274,-5.035777,-1.100743,1087
momentum,resid,1,EW,BULL,-0.005295,0.094468,-0.05605,-1.341693,-1.364671,573
momentum,resid,3,EW,BULL,-0.005042,0.090978,-0.055419,-1.326582,-0.905957,573
momentum,resid,5,EW,BULL,-0.000082,0.09042,-0.000907,-0.021715,-0.01219,573
momentum,resid,10,EW,BULL,-0.000545,0.086039,-0.00634,-0.151621,-0.065748,572
momentum,resid,21,EW,BULL,0.000638,0.089191,0.007154,0.17111,0.052124,572
momentum,resid,63,EW,BULL,-0.003804,0.096086,-0.039591,-0.946888,-0.227577,572
momentum,resid,1,EW,BEAR,-0.012396,0.095759,-0.129448,-1.268326,-1.17474,96
momentum,resid,3,EW,BEAR,-0.040479,0.10786,-0.375295,-3.677126,-2.850356,96
momentum,resid,5,EW,BEAR,-0.050781,0.102219,-0.496788,-4.867507,-3.786673,96
momentum,resid,10,EW,BEAR,-0.043708,0.091784,-0.476207,-4.665852,-2.637407,96
momentum,resid,21,EW,BEAR,-0.0225,0.088099,-0.255395,-2.502352,-1.071451,96
momentum,resid,63,EW,BEAR,-0.04337,0.093719,-0.462762,-4.438661,-1.592738,92
momentum,resid,1,EW,SIDEWAYS,-0.010239,0.089838,-0.113973,-2.110804,-2.102052,343
momentum,resid,3,EW,SIDEWAYS,-0.016833,0.091222,-0.184526,-3.407485,-2.478618,341
momentum,resid,5,EW,SIDEWAYS,-0.019307,0.090983,-0.212203,-3.907067,-2.377842,339
momentum,resid,10,EW,SIDEWAYS,-0.021463,0.095139,-0.225593,-4.129033,-2.030584,335
momentum,resid,21,EW,SIDEWAYS,-0.023512,0.085587,-0.27472,-4.944965,-1.87582,324
momentum,resid,63,EW,SIDEWAYS,-0.017035,0.090444,-0.188348,-3.185257,-1.351595,286
momentum,resid,1,EW,HIGH_VOL,-0.02278,0.093626,-0.243312,-2.79544,-2.802436,132
momentum,resid,3,EW,HIGH_VOL,-0.040341,0.092622,-0.435544,-5.004022,-3.662677,132
momentum,resid,5,EW,HIGH_VOL,-0.053,0.086634,-0.611772,-7.028727,-4.100893,132
momentum,resid,10,EW,HIGH_VOL,-0.050038,0.085541,-0.58496,-6.720684,-3.395962,132
momentum,resid,21,EW,HIGH_VOL,-0.030409,0.072994,-0.4166,-4.786365,-2.075409,132
momentum,resid,63,EW,HIGH_VOL,-0.029409,0.063675,-0.461861,-5.306377,-4.052878,132
relativeStrength,fwd,1,EW,ALL,0.001872,0.156377,0.011971,0.405796,0.392305,1149
relativeStrength,fwd,3,EW,ALL,0.003942,0.163488,0.024109,0.816522,0.544354,1147
relativeStrength,fwd,5,EW,ALL,0.003269,0.162824,0.020077,0.679357,0.366204,1145
relativeStrength,fwd,10,EW,ALL,0.005073,0.161561,0.031399,1.060145,0.425112,1140
relativeStrength,fwd,21,EW,ALL,0.005895,0.159259,0.037013,1.24365,0.35037,1129
relativeStrength,fwd,63,EW,ALL,0.006532,0.15569,0.041954,1.383197,0.224834,1087
relativeStrength,fwd,1,EW,BULL,0.002911,0.146862,0.019821,0.474469,0.472614,573
relativeStrength,fwd,3,EW,BULL,0.013993,0.148726,0.094086,2.252173,1.567707,573
relativeStrength,fwd,5,EW,BULL,0.019686,0.145653,0.135156,3.235294,1.819557,573
relativeStrength,fwd,10,EW,BULL,0.025418,0.149522,0.169993,4.065653,1.588317,572
relativeStrength,fwd,21,EW,BULL,0.026692,0.16162,0.165154,3.949915,1.038413,572
relativeStrength,fwd,63,EW,BULL,0.029668,0.158425,0.187267,4.478778,0.715604,572
relativeStrength,fwd,1,EW,BEAR,-0.015604,0.19299,-0.080855,-0.792213,-0.718278,96
relativeStrength,fwd,3,EW,BEAR,-0.053406,0.204343,-0.261356,-2.560757,-1.9362,96
relativeStrength,fwd,5,EW,BEAR,-0.061812,0.193591,-0.319295,-3.128437,-2.238142,96
relativeStrength,fwd,10,EW,BEAR,-0.051271,0.160754,-0.318941,-3.124966,-1.457364,96
relativeStrength,fwd,21,EW,BEAR,-0.045417,0.162863,-0.278864,-2.732297,-1.515445,96
relativeStrength,fwd,63,EW,BEAR,-0.127033,0.174208,-0.7292,-6.994241,-3.661934,92
relativeStrength,fwd,1,EW,SIDEWAYS,0.007875,0.154114,0.051096,0.946316,0.907862,343
relativeStrength,fwd,3,EW,SIDEWAYS,0.009959,0.170034,0.05857,1.081571,0.725586,341
relativeStrength,fwd,5,EW,SIDEWAYS,0.00374,0.17924,0.020868,0.384224,0.212636,339
relativeStrength,fwd,10,EW,SIDEWAYS,-0.011773,0.184134,-0.063938,-1.170257,-0.558594,335
relativeStrength,fwd,21,EW,SIDEWAYS,-0.023559,0.157495,-0.149584,-2.692503,-1.022073,324
relativeStrength,fwd,63,EW,SIDEWAYS,-0.006983,0.129474,-0.05393,-0.912037,-0.330837,286
relativeStrength,fwd,1,EW,HIGH_VOL,-0.00628,0.173093,-0.036283,-0.416859,-0.416071,132
relativeStrength,fwd,3,EW,HIGH_VOL,-0.011606,0.16889,-0.06872,-0.789527,-0.59036,132
relativeStrength,fwd,5,EW,HIGH_VOL,-0.021939,0.154031,-0.142435,-1.636453,-1.052523,132
relativeStrength,fwd,10,EW,HIGH_VOL,0.003765,0.135426,0.027802,0.319424,0.17118,132
relativeStrength,fwd,21,EW,HIGH_VOL,0.026235,0.129579,0.202463,2.326119,1.086594,132
relativeStrength,fwd,63,EW,HIGH_VOL,0.030447,0.129134,0.235777,2.708875,0.931156,132
relativeStrength,xs,1,EW,ALL,0.001854,0.156389,0.011854,0.401804,0.38847,1149
relativeStrength,xs,3,EW,ALL,0.003941,0.163487,0.024104,0.816343,0.544247,1147
relativeStrength,xs,5,EW,ALL,0.003282,0.162827,0.020157,0.682067,0.367643,1145
relativeStrength,xs,10,EW,ALL,0.005096,0.161572,0.031543,1.065022,0.427038,1140
relativeStrength,xs,21,EW,ALL,0.005914,0.159257,0.037135,1.247773,0.351527,1129
relativeStrength,xs,63,EW,ALL,0.006496,0.155693,0.041722,1.375565,0.223568,1087
relativeStrength,xs,1,EW,BULL,0.002906,0.146865,0.019785,0.473607,0.471767,573
relativeStrength,xs,3,EW,BULL,0.013997,0.148726,0.09411,2.25274,1.568066,573
relativeStrength,xs,5,EW,BULL,0.019693,0.14566,0.135197,3.236277,1.820162,573
relativeStrength,xs,10,EW,BULL,0.025437,0.149512,0.170134,4.069023,1.589585,572
relativeStrength,xs,21,EW,BULL,0.026719,0.161623,0.165313,3.953723,1.039418,572
relativeStrength,xs,63,EW,BULL,0.029652,0.158431,0.187161,4.476237,0.715168,572
relativeStrength,xs,1,EW,BEAR,-0.015604,0.19299,-0.080855,-0.792213,-0.718278,96
relativeStrength,xs,3,EW,BEAR,-0.053406,0.204343,-0.261356,-2.560757,-1.9362,96
relativeStrength,xs,5,EW,BEAR,-0.061812,0.193591,-0.319295,-3.128437,-2.238142,96
relativeStrength,xs,10,EW,BEAR,-0.051271,0.160754,-0.318941,-3.124966,-1.457364,96
relativeStrength,xs,21,EW,BEAR,-0.045417,0.162863,-0.278864,-2.732297,-1.515445,96
relativeStrength,xs,63,EW,BEAR,-0.127033,0.174208,-0.7292,-6.994241,-3.661934,92
relativeStrength,xs,1,EW,SIDEWAYS,0.007822,0.154152,0.050743,0.939775,0.901739,343
relativeStrength,xs,3,EW,SIDEWAYS,0.00995,0.170033,0.058519,1.08062,0.725014,341
relativeStrength,xs,5,EW,SIDEWAYS,0.003773,0.179238,0.021049,0.387561,0.214441,339
relativeStrength,xs,10,EW,SIDEWAYS,-0.011725,0.184182,-0.063662,-1.165202,-0.556035,335
relativeStrength,xs,21,EW,SIDEWAYS,-0.023537,0.157482,-0.149458,-2.690246,-1.021347,324
relativeStrength,xs,63,EW,SIDEWAYS,-0.007101,0.12947,-0.05485,-0.927596,-0.336428,286
relativeStrength,xs,1,EW,HIGH_VOL,-0.00628,0.173093,-0.036283,-0.416859,-0.416071,132
relativeStrength,xs,3,EW,HIGH_VOL,-0.011606,0.16889,-0.06872,-0.789527,-0.59036,132
relativeStrength,xs,5,EW,HIGH_VOL,-0.021939,0.154031,-0.142435,-1.636453,-1.052523,132
relativeStrength,xs,10,EW,HIGH_VOL,0.003765,0.135426,0.027802,0.319424,0.17118,132
relativeStrength,xs,21,EW,HIGH_VOL,0.026235,0.129579,0.202463,2.326119,1.086594,132
relativeStrength,xs,63,EW,HIGH_VOL,0.030477,0.129131,0.236019,2.711651,0.931722,132
relativeStrength,resid,1,EW,ALL,-0.003929,0.098878,-0.039732,-1.346795,-1.310987,1149
relativeStrength,resid,3,EW,ALL,-0.004021,0.102699,-0.039152,-1.325991,-0.884719,1147
relativeStrength,resid,5,EW,ALL,-0.004255,0.102042,-0.041699,-1.410991,-0.769171,1145
relativeStrength,resid,10,EW,ALL,-0.003786,0.098462,-0.038451,-1.29826,-0.524946,1140
relativeStrength,resid,21,EW,ALL,-0.000811,0.097996,-0.008279,-0.278189,-0.079502,1129
relativeStrength,resid,63,EW,ALL,-0.007032,0.081967,-0.085793,-2.828578,-0.50639,1087
relativeStrength,resid,1,EW,BULL,-0.00277,0.100292,-0.027616,-0.661048,-0.666368,573
relativeStrength,resid,3,EW,BULL,0.003248,0.101738,0.031923,0.764164,0.538778,573
relativeStrength,resid,5,EW,BULL,0.007042,0.097932,0.071906,1.721236,1.017394,573
relativeStrength,resid,10,EW,BULL,0.005811,0.090284,0.064366,1.539409,0.627383,572
relativeStrength,resid,21,EW,BULL,0.004304,0.101757,0.042299,1.011638,0.27577,572
relativeStrength,resid,63,EW,BULL,-0.002561,0.089755,-0.028535,-0.682464,-0.117143,572
relativeStrength,resid,1,EW,BEAR,-0.011667,0.106625,-0.109418,-1.072074,-0.952508,96
relativeStrength,resid,3,EW,BEAR,-0.024135,0.11873,-0.203279,-1.991723,-1.410444,96
relativeStrength,resid,5,EW,BEAR,-0.02551,0.114352,-0.223086,-2.185788,-1.340949,96
relativeStrength,resid,10,EW,BEAR,-0.005396,0.117749,-0.045825,-0.448989,-0.191241,96
relativeStrength,resid,21,EW,BEAR,0.001792,0.110136,0.016268,0.15939,0.082042,96
relativeStrength,resid,63,EW,BEAR,-0.018402,0.086966,-0.211601,-2.029609,-0.877837,92
relativeStrength,resid,1,EW,SIDEWAYS,0.000466,0.097047,0.004807,0.08902,0.087457,343
relativeStrength,resid,3,EW,SIDEWAYS,-0.001909,0.102469,-0.018631,-0.344044,-0.236153,341
relativeStrength,resid,5,EW,SIDEWAYS,-0.007431,0.107829,-0.068912,-1.268801,-0.707086,339
relativeStrength,resid,10,EW,SIDEWAYS,-0.01351,0.109623,-0.123244,-2.255739,-1.012001,335
relativeStrength,resid,21,EW,SIDEWAYS,-0.010698,0.093856,-0.113978,-2.051608,-0.750624,324
relativeStrength,resid,63,EW,SIDEWAYS,-0.015266,0.071751,-0.212761,-3.598109,-1.111812,286
relativeStrength,resid,1,EW,HIGH_VOL,-0.015621,0.091792,-0.17018,-1.955223,-1.90687,132
relativeStrength,resid,3,EW,HIGH_VOL,-0.025818,0.0917,-0.281552,-3.234785,-2.345033,132
relativeStrength,resid,5,EW,HIGH_VOL,-0.028947,0.087371,-0.331309,-3.806452,-2.255333,132
relativeStrength,resid,10,EW,HIGH_VOL,-0.018167,0.083297,-0.218094,-2.505709,-1.336619,132
relativeStrength,resid,21,EW,HIGH_VOL,-0.000811,0.078651,-0.010306,-0.118411,-0.048308,132
relativeStrength,resid,63,EW,HIGH_VOL,0.00028,0.058213,0.004815,0.055322,0.050866,132
sectorRelativeStrength,fwd,1,EW,ALL,-0.000923,0.104226,-0.008851,-0.300034,-0.292594,1149
sectorRelativeStrength,fwd,3,EW,ALL,-0.000249,0.108673,-0.002294,-0.077708,-0.052625,1147
sectorRelativeStrength,fwd,5,EW,ALL,-0.00049,0.106366,-0.004606,-0.155869,-0.086583,1145
sectorRelativeStrength,fwd,10,EW,ALL,-0.002383,0.103029,-0.023133,-0.781046,-0.322321,1140
sectorRelativeStrength,fwd,21,EW,ALL,-0.003913,0.099475,-0.039339,-1.321798,-0.387068,1129
sectorRelativeStrength,fwd,63,EW,ALL,-0.008029,0.088225,-0.091011,-3.000597,-0.528236,1087
sectorRelativeStrength,fwd,1,EW,BULL,-0.00219,0.101328,-0.021615,-0.517412,-0.527103,573
sectorRelativeStrength,fwd,3,EW,BULL,0.004384,0.100925,0.043437,1.039781,0.730303,573
sectorRelativeStrength,fwd,5,EW,BULL,0.008878,0.097748,0.090823,2.174075,1.296667,573
sectorRelativeStrength,fwd,10,EW,BULL,0.008362,0.091506,0.091381,2.18552,0.899589,572
sectorRelativeStrength,fwd,21,EW,BULL,0.005972,0.098938,0.060361,1.443626,0.404897,572
sectorRelativeStrength,fwd,63,EW,BULL,-0.0054,0.094842,-0.056941,-1.361825,-0.233173,572
sectorRelativeStrength,fwd,1,EW,BEAR,-0.007594,0.126377,-0.060088,-0.588742,-0.517007,96
sectorRelativeStrength,fwd,3,EW,BEAR,-0.017844,0.145696,-0.122472,-1.199978,-0.883629,96
sectorRelativeStrength,fwd,5,EW,BEAR,-0.022375,0.137436,-0.162804,-1.595143,-1.036392,96
sectorRelativeStrength,fwd,10,EW,BEAR,-0.01825,0.121928,-0.149679,-1.466549,-0.60768,96
sectorRelativeStrength,fwd,21,EW,BEAR,-0.01751,0.11248,-0.155676,-1.525306,-0.750867,96
sectorRelativeStrength,fwd,63,EW,BEAR,-0.046435,0.093317,-0.497602,-4.772828,-2.269135,92
sectorRelativeStrength,fwd,1,EW,SIDEWAYS,0.004781,0.099291,0.048155,0.891838,0.860396,343
sectorRelativeStrength,fwd,3,EW,SIDEWAYS,0.003076,0.107061,0.028733,0.530598,0.369137,341
sectorRelativeStrength,fwd,5,EW,SIDEWAYS,-0.001935,0.106933,-0.018096,-0.333189,-0.186142,339
sectorRelativeStrength,fwd,10,EW,SIDEWAYS,-0.011919,0.11358,-0.104943,-1.920768,-0.878079,335
sectorRelativeStrength,fwd,21,EW,SIDEWAYS,-0.017802,0.097501,-0.182588,-3.286592,-1.167165,324
sectorRelativeStrength,fwd,63,EW,SIDEWAYS,-0.006741,0.07531,-0.089513,-1.513804,-0.790804,286
sectorRelativeStrength,fwd,1,EW,HIGH_VOL,-0.007265,0.111555,-0.065126,-0.748243,-0.709885,132
sectorRelativeStrength,fwd,3,EW,HIGH_VOL,-0.01547,0.113399,-0.136419,-1.567331,-1.133832,132
sectorRelativeStrength,fwd,5,EW,HIGH_VOL,-0.021909,0.110163,-0.198879,-2.28495,-1.311026,132
sectorRelativeStrength,fwd,10,EW,HIGH_VOL,-0.012136,0.104015,-0.116679,-1.340538,-0.729339,132
sectorRelativeStrength,fwd,21,EW,HIGH_VOL,-0.003409,0.090397,-0.037712,-0.433281,-0.211886,132
sectorRelativeStrength,fwd,63,EW,HIGH_VOL,0.005447,0.071475,0.076208,0.87556,0.407944,132
sectorRelativeStrength,xs,1,EW,ALL,-0.000938,0.104237,-0.009001,-0.305096,-0.297544,1149
sectorRelativeStrength,xs,3,EW,ALL,-0.000247,0.10867,-0.00227,-0.076894,-0.052072,1147
sectorRelativeStrength,xs,5,EW,ALL,-0.000474,0.106373,-0.004458,-0.150857,-0.083798,1145
sectorRelativeStrength,xs,10,EW,ALL,-0.002366,0.103033,-0.022962,-0.77527,-0.319926,1140
sectorRelativeStrength,xs,21,EW,ALL,-0.003901,0.099472,-0.039215,-1.317649,-0.385826,1129
sectorRelativeStrength,xs,63,EW,ALL,-0.008047,0.088215,-0.09122,-3.007485,-0.529267,1087
sectorRelativeStrength,xs,1,EW,BULL,-0.002208,0.101337,-0.021786,-0.521491,-0.531291,573
sectorRelativeStrength,xs,3,EW,BULL,0.004389,0.100922,0.043491,1.041061,0.731135,573
sectorRelativeStrength,xs,5,EW,BULL,0.008887,0.097757,0.090905,2.176021,1.297944,573
sectorRelativeStrength,xs,10,EW,BULL,0.008378,0.091482,0.091576,2.190188,0.901489,572
sectorRelativeStrength,xs,21,EW,BULL,0.005991,0.098925,0.060564,1.448475,0.406252,572
sectorRelativeStrength,xs,63,EW,BULL,-0.0054,0.094849,-0.056936,-1.361711,-0.233126,572
sectorRelativeStrength,xs,1,EW,BEAR,-0.007594,0.126377,-0.060088,-0.588742,-0.517007,96
sectorRelativeStrength,xs,3,EW,BEAR,-0.017844,0.145696,-0.122472,-1.199978,-0.883629,96
sectorRelativeStrength,xs,5,EW,BEAR,-0.022375,0.137436,-0.162804,-1.595143,-1.036392,96
sectorRelativeStrength,xs,10,EW,BEAR,-0.01825,0.121928,-0.149679,-1.466549,-0.60768,96
sectorRelativeStrength,xs,21,EW,BEAR,-0.01751,0.11248,-0.155676,-1.525306,-0.750867,96
sectorRelativeStrength,xs,63,EW,BEAR,-0.046435,0.093317,-0.497602,-4.772828,-2.269135,92
sectorRelativeStrength,xs,1,EW,SIDEWAYS,0.004758,0.099317,0.047907,0.887253,0.856022,343
sectorRelativeStrength,xs,3,EW,SIDEWAYS,0.003076,0.107058,0.028734,0.530613,0.369133,341
sectorRelativeStrength,xs,5,EW,SIDEWAYS,-0.001897,0.106943,-0.017736,-0.326557,-0.182411,339
sectorRelativeStrength,xs,10,EW,SIDEWAYS,-0.011887,0.113623,-0.104614,-1.914754,-0.875216,335
sectorRelativeStrength,xs,21,EW,SIDEWAYS,-0.017793,0.097512,-0.182471,-3.284486,-1.16668,324
sectorRelativeStrength,xs,63,EW,SIDEWAYS,-0.006818,0.075249,-0.090608,-1.532319,-0.800601,286
sectorRelativeStrength,xs,1,EW,HIGH_VOL,-0.007265,0.111555,-0.065126,-0.748243,-0.709885,132
sectorRelativeStrength,xs,3,EW,HIGH_VOL,-0.01547,0.113399,-0.136419,-1.567331,-1.133832,132
sectorRelativeStrength,xs,5,EW,HIGH_VOL,-0.021909,0.110163,-0.198879,-2.28495,-1.311026,132
sectorRelativeStrength,xs,10,EW,HIGH_VOL,-0.012136,0.104015,-0.116679,-1.340538,-0.729339,132
sectorRelativeStrength,xs,21,EW,HIGH_VOL,-0.003409,0.090397,-0.037712,-0.433281,-0.211886,132
sectorRelativeStrength,xs,63,EW,HIGH_VOL,0.00547,0.071461,0.076541,0.879386,0.409605,132
sectorRelativeStrength,resid,1,EW,ALL,-0.000763,0.115164,-0.006628,-0.224658,-0.217705,1149
sectorRelativeStrength,resid,3,EW,ALL,-0.000017,0.12179,-0.000143,-0.004849,-0.003221,1147
sectorRelativeStrength,resid,5,EW,ALL,0.000847,0.121533,0.006971,0.235871,0.128134,1145
sectorRelativeStrength,resid,10,EW,ALL,0.002021,0.118769,0.017017,0.574547,0.232004,1140
sectorRelativeStrength,resid,21,EW,ALL,0.005008,0.115613,0.043317,1.455463,0.412566,1129
sectorRelativeStrength,resid,63,EW,ALL,-0.004438,0.098671,-0.044977,-1.482864,-0.264019,1087
sectorRelativeStrength,resid,1,EW,BULL,-0.000585,0.115812,-0.005048,-0.120841,-0.121788,573
sectorRelativeStrength,resid,3,EW,BULL,0.006234,0.116942,0.053307,1.276034,0.892068,573
sectorRelativeStrength,resid,5,EW,BULL,0.011862,0.115365,0.102823,2.461305,1.467502,573
sectorRelativeStrength,resid,10,EW,BULL,0.012976,0.108851,0.119204,2.850953,1.183198,572
sectorRelativeStrength,resid,21,EW,BULL,0.010759,0.113665,0.094653,2.263778,0.629891,572
sectorRelativeStrength,resid,63,EW,BULL,-0.00165,0.103363,-0.015967,-0.381864,-0.067901,572
sectorRelativeStrength,resid,1,EW,BEAR,-0.021323,0.123682,-0.172401,-1.689176,-1.503788,96
sectorRelativeStrength,resid,3,EW,BEAR,-0.036052,0.143626,-0.251014,-2.459427,-1.752993,96
sectorRelativeStrength,resid,5,EW,BEAR,-0.039229,0.135626,-0.289246,-2.834022,-1.677924,96
sectorRelativeStrength,resid,10,EW,BEAR,-0.027615,0.130072,-0.212303,-2.080136,-0.888466,96
sectorRelativeStrength,resid,21,EW,BEAR,-0.018562,0.121236,-0.153111,-1.500171,-0.828686,96
sectorRelativeStrength,resid,63,EW,BEAR,-0.04162,0.088821,-0.468577,-4.494432,-1.789263,92
sectorRelativeStrength,resid,1,EW,SIDEWAYS,0.006813,0.111567,0.06107,1.131037,1.105873,343
sectorRelativeStrength,resid,3,EW,SIDEWAYS,0.005669,0.123281,0.045981,0.849102,0.587368,341
sectorRelativeStrength,resid,5,EW,SIDEWAYS,0.000847,0.127231,0.006654,0.122515,0.068659,339
sectorRelativeStrength,resid,10,EW,SIDEWAYS,-0.006009,0.131209,-0.045797,-0.838219,-0.370171,335
sectorRelativeStrength,resid,21,EW,SIDEWAYS,-0.003883,0.115642,-0.033575,-0.604354,-0.207414,324
sectorRelativeStrength,resid,63,EW,SIDEWAYS,-0.009678,0.091555,-0.105711,-1.787732,-0.596608,286
sectorRelativeStrength,resid,1,EW,HIGH_VOL,-0.008015,0.114937,-0.069735,-0.801196,-0.752389,132
sectorRelativeStrength,resid,3,EW,HIGH_VOL,-0.015591,0.118404,-0.131676,-1.51284,-1.085037,132
sectorRelativeStrength,resid,5,EW,HIGH_VOL,-0.017644,0.114798,-0.153695,-1.765821,-0.99625,132
sectorRelativeStrength,resid,10,EW,HIGH_VOL,-0.003136,0.114623,-0.027362,-0.314371,-0.155277,132
sectorRelativeStrength,resid,21,EW,HIGH_VOL,0.017553,0.114725,0.153001,1.75785,0.729245,132
sectorRelativeStrength,resid,63,EW,HIGH_VOL,0.021742,0.087066,0.249725,2.86912,2.772278,132
volume,fwd,1,EW,ALL,-0.009528,0.107233,-0.088856,-3.011941,-2.971785,1149
volume,fwd,3,EW,ALL,-0.013216,0.110808,-0.119271,-4.039393,-3.003661,1147
volume,fwd,5,EW,ALL,-0.014298,0.109962,-0.130025,-4.399783,-2.807396,1145
volume,fwd,10,EW,ALL,-0.008397,0.105153,-0.079858,-2.696327,-1.581792,1140
volume,fwd,21,EW,ALL,-0.003632,0.100468,-0.036146,-1.214535,-0.587615,1129
volume,fwd,63,EW,ALL,-0.000449,0.098205,-0.004571,-0.15072,-0.055621,1087
volume,fwd,1,EW,BULL,-0.00978,0.102889,-0.095055,-2.275377,-2.270872,573
volume,fwd,3,EW,BULL,-0.009433,0.106144,-0.088868,-2.127281,-1.612552,573
volume,fwd,5,EW,BULL,-0.008771,0.107155,-0.081857,-1.959435,-1.262484,573
volume,fwd,10,EW,BULL,-0.000061,0.101433,-0.000603,-0.014427,-0.008206,572
volume,fwd,21,EW,BULL,0.01346,0.095935,0.1403,3.355499,1.703411,572
volume,fwd,63,EW,BULL,0.017082,0.098158,0.174027,4.162115,1.331863,572
volume,fwd,1,EW,BEAR,-0.014813,0.116405,-0.127249,-1.246782,-1.202011,96
volume,fwd,3,EW,BEAR,-0.02774,0.114937,-0.241346,-2.364695,-1.740557,96
volume,fwd,5,EW,BEAR,-0.025458,0.105086,-0.242263,-2.373678,-1.490853,96
volume,fwd,10,EW,BEAR,-0.024667,0.101444,-0.243155,-2.382426,-1.528411,96
volume,fwd,21,EW,BEAR,-0.030073,0.113388,-0.265222,-2.598631,-1.797688,96
volume,fwd,63,EW,BEAR,-0.016,0.084396,-0.189583,-1.81842,-1.713296,92
volume,fwd,1,EW,SIDEWAYS,-0.004484,0.104503,-0.042908,-0.79466,-0.786389,343
volume,fwd,3,EW,SIDEWAYS,-0.010774,0.11439,-0.094188,-1.739294,-1.328215,341
volume,fwd,5,EW,SIDEWAYS,-0.014764,0.110302,-0.133851,-2.464466,-1.672147,339
volume,fwd,10,EW,SIDEWAYS,-0.009681,0.104888,-0.092295,-1.68927,-1.163262,335
volume,fwd,21,EW,SIDEWAYS,-0.017259,0.096051,-0.179689,-3.234404,-2.018367,324
volume,fwd,63,EW,SIDEWAYS,-0.010252,0.092172,-0.111224,-1.880967,-1.462707,286
volume,fwd,1,EW,HIGH_VOL,-0.018947,0.122708,-0.154407,-1.773999,-1.836658,132
volume,fwd,3,EW,HIGH_VOL,-0.026311,0.117315,-0.224273,-2.576697,-2.321583,132
volume,fwd,5,EW,HIGH_VOL,-0.030364,0.122644,-0.247576,-2.844428,-2.07486,132
volume,fwd,10,EW,HIGH_VOL,-0.02928,0.119522,-0.244979,-2.814598,-2.102986,132
volume,fwd,21,EW,HIGH_VOL,-0.022394,0.106599,-0.210076,-2.413591,-1.650275,132
volume,fwd,63,EW,HIGH_VOL,-0.043212,0.103793,-0.416331,-4.783274,-3.121277,132
volume,xs,1,EW,ALL,-0.009546,0.107232,-0.089019,-3.017479,-2.977094,1149
volume,xs,3,EW,ALL,-0.013218,0.110812,-0.119283,-4.039788,-3.004017,1147
volume,xs,5,EW,ALL,-0.014307,0.109974,-0.13009,-4.401971,-2.809099,1145
volume,xs,10,EW,ALL,-0.008384,0.105158,-0.07973,-2.691987,-1.579105,1140
volume,xs,21,EW,ALL,-0.00363,0.100449,-0.036135,-1.214167,-0.587406,1129
volume,xs,63,EW,ALL,-0.000477,0.098209,-0.004862,-0.160288,-0.059131,1087
volume,xs,1,EW,BULL,-0.009773,0.102892,-0.094985,-2.273687,-2.26912,573
volume,xs,3,EW,BULL,-0.009424,0.106151,-0.08878,-2.12517,-1.610813,573
volume,xs,5,EW,BULL,-0.008759,0.107167,-0.081734,-1.956495,-1.260551,573
volume,xs,10,EW,BULL,-0.000066,0.101434,-0.000655,-0.015664,-0.008909,572
volume,xs,21,EW,BULL,0.013458,0.095927,0.140295,3.355363,1.703128,572
volume,xs,63,EW,BULL,0.017079,0.09816,0.173988,4.161191,1.331342,572
volume,xs,1,EW,BEAR,-0.014813,0.116405,-0.127249,-1.246782,-1.202011,96
volume,xs,3,EW,BEAR,-0.02774,0.114937,-0.241346,-2.364695,-1.740557,96
volume,xs,5,EW,BEAR,-0.025458,0.105086,-0.242263,-2.373678,-1.490853,96
volume,xs,10,EW,BEAR,-0.024667,0.101444,-0.243155,-2.382426,-1.528411,96
volume,xs,21,EW,BEAR,-0.030073,0.113388,-0.265222,-2.598631,-1.797688,96
volume,xs,63,EW,BEAR,-0.016,0.084396,-0.189583,-1.81842,-1.713296,92
volume,xs,1,EW,SIDEWAYS,-0.004554,0.104497,-0.04358,-0.807105,-0.798568,343
volume,xs,3,EW,SIDEWAYS,-0.010795,0.114391,-0.094367,-1.74259,-1.330994,341
volume,xs,5,EW,SIDEWAYS,-0.014814,0.110323,-0.134279,-2.472347,-1.678243,339
volume,xs,10,EW,SIDEWAYS,-0.009627,0.104904,-0.091769,-1.679639,-1.156352,335
volume,xs,21,EW,SIDEWAYS,-0.01725,0.096,-0.179688,-3.234381,-2.017697,324
volume,xs,63,EW,SIDEWAYS,-0.010357,0.092168,-0.112367,-1.900292,-1.479545,286
volume,xs,1,EW,HIGH_VOL,-0.018947,0.122708,-0.154407,-1.773999,-1.836658,132
volume,xs,3,EW,HIGH_VOL,-0.026311,0.117315,-0.224273,-2.576697,-2.321583,132
volume,xs,5,EW,HIGH_VOL,-0.030364,0.122644,-0.247576,-2.844428,-2.07486,132
volume,xs,10,EW,HIGH_VOL,-0.02928,0.119522,-0.244979,-2.814598,-2.102986,132
volume,xs,21,EW,HIGH_VOL,-0.022394,0.106599,-0.210076,-2.413591,-1.650275,132
volume,xs,63,EW,HIGH_VOL,-0.043205,0.103808,-0.416197,-4.781735,-3.118346,132
volume,resid,1,EW,ALL,-0.009351,0.085317,-0.1096,-3.715102,-3.740723,1149
volume,resid,3,EW,ALL,-0.01465,0.085477,-0.171396,-5.804721,-4.482234,1147
volume,resid,5,EW,ALL,-0.015533,0.082528,-0.188213,-6.368711,-4.228234,1145
volume,resid,10,EW,ALL,-0.013571,0.082868,-0.163768,-5.529427,-3.443126,1140
volume,resid,21,EW,ALL,-0.012595,0.081667,-0.154226,-5.182102,-2.594693,1129
volume,resid,63,EW,ALL,-0.014015,0.079363,-0.176589,-5.822095,-2.468378,1087
volume,resid,1,EW,BULL,-0.010953,0.083435,-0.131274,-3.142367,-3.144681,573
volume,resid,3,EW,BULL,-0.012429,0.085903,-0.144689,-3.463493,-2.763447,573
volume,resid,5,EW,BULL,-0.009927,0.077997,-0.12727,-3.046527,-2.087931,573
volume,resid,10,EW,BULL,-0.007381,0.080538,-0.091648,-2.191899,-1.38387,572
volume,resid,21,EW,BULL,-0.006467,0.083531,-0.077417,-1.851554,-1.011104,572
volume,resid,63,EW,BULL,-0.010369,0.079545,-0.130353,-3.117579,-1.607924,572
volume,resid,1,EW,BEAR,-0.001844,0.088122,-0.020923,-0.205,-0.198174,96
volume,resid,3,EW,BEAR,-0.015562,0.084186,-0.184859,-1.811245,-1.496721,96
volume,resid,5,EW,BEAR,-0.02974,0.080232,-0.370669,-3.631799,-2.61,96
volume,resid,10,EW,BEAR,-0.033688,0.079353,-0.424526,-4.159488,-3.089768,96
volume,resid,21,EW,BEAR,-0.029937,0.083076,-0.360363,-3.530827,-2.220411,96
volume,resid,63,EW,BEAR,-0.022109,0.069295,-0.319051,-3.060226,-7.039147,92
volume,resid,1,EW,SIDEWAYS,-0.006437,0.083998,-0.076636,-1.419322,-1.413356,343
volume,resid,3,EW,SIDEWAYS,-0.016276,0.085914,-0.189441,-3.498246,-2.686645,341
volume,resid,5,EW,SIDEWAYS,-0.018549,0.089791,-0.206575,-3.803452,-2.681031,339
volume,resid,10,EW,SIDEWAYS,-0.015251,0.084167,-0.181197,-3.316441,-2.335983,335
volume,resid,21,EW,SIDEWAYS,-0.014596,0.076158,-0.191649,-3.449679,-1.708281,324
volume,resid,63,EW,SIDEWAYS,-0.015049,0.082726,-0.181914,-3.076446,-1.811186,286
volume,resid,1,EW,HIGH_VOL,-0.015667,0.094644,-0.165532,-1.901823,-2.083039,132
volume,resid,3,EW,HIGH_VOL,-0.019932,0.085066,-0.234309,-2.692008,-2.378102,132
volume,resid,5,EW,HIGH_VOL,-0.020955,0.083775,-0.250129,-2.873764,-2.105353,132
volume,resid,10,EW,HIGH_VOL,-0.021614,0.089451,-0.241626,-2.776074,-1.838173,132
volume,resid,21,EW,HIGH_VOL,-0.020614,0.084334,-0.244429,-2.80827,-2.042828,132
volume,resid,63,EW,HIGH_VOL,-0.020773,0.077852,-0.266824,-3.06558,-2.657731,132
volatility,fwd,1,EW,ALL,0.009656,0.192908,0.050056,1.69675,1.673207,1149
volatility,fwd,3,EW,ALL,-0.002653,0.196884,-0.013475,-0.456361,-0.304591,1147
volatility,fwd,5,EW,ALL,-0.011368,0.197344,-0.057603,-1.949174,-1.064857,1145
volatility,fwd,10,EW,ALL,-0.01867,0.18998,-0.098275,-3.318133,-1.321115,1140
volatility,fwd,21,EW,ALL,-0.033561,0.190428,-0.176239,-5.92172,-1.596126,1129
volatility,fwd,63,EW,ALL,-0.04396,0.205378,-0.214042,-7.056885,-1.089892,1087
volatility,fwd,1,EW,BULL,0.014904,0.176221,0.084576,2.024523,2.009039,573
volatility,fwd,3,EW,BULL,0.001517,0.179769,0.008436,0.201943,0.134318,573
volatility,fwd,5,EW,BULL,-0.007328,0.184007,-0.039825,-0.95331,-0.520098,573
volatility,fwd,10,EW,BULL,-0.014147,0.183566,-0.077067,-1.843169,-0.727185,572
volatility,fwd,21,EW,BULL,-0.031762,0.192768,-0.16477,-3.940715,-1.042261,572
volatility,fwd,63,EW,BULL,-0.062128,0.223705,-0.277721,-6.642112,-1.095131,572
volatility,fwd,1,EW,BEAR,0.030156,0.263823,0.114305,1.119956,1.070929,96
volatility,fwd,3,EW,BEAR,0.001208,0.265194,0.004556,0.044644,0.032031,96
volatility,fwd,5,EW,BEAR,-0.007604,0.252279,-0.030142,-0.295329,-0.204266,96
volatility,fwd,10,EW,BEAR,0.009479,0.209941,0.045152,0.442394,0.188217,96
volatility,fwd,21,EW,BEAR,0.009635,0.233038,0.041347,0.405116,0.154343,96
volatility,fwd,63,EW,BEAR,-0.082402,0.21173,-0.389184,-3.732924,-1.644011,92
volatility,fwd,1,EW,SIDEWAYS,0.00807,0.180525,0.044703,0.827909,0.820999,343
volatility,fwd,3,EW,SIDEWAYS,0.010545,0.185626,0.05681,1.04907,0.706635,341
volatility,fwd,5,EW,SIDEWAYS,0.006832,0.185187,0.036892,0.679248,0.380632,339
volatility,fwd,10,EW,SIDEWAYS,-0.008042,0.183034,-0.043936,-0.804161,-0.367209,335
volatility,fwd,21,EW,SIDEWAYS,-0.015006,0.160976,-0.09322,-1.677956,-0.664615,324
volatility,fwd,63,EW,SIDEWAYS,-0.002192,0.179984,-0.012181,-0.205992,-0.062472,286
volatility,fwd,1,EW,HIGH_VOL,-0.025977,0.220207,-0.117968,-1.355344,-1.345407,132
volatility,fwd,3,EW,HIGH_VOL,-0.0525,0.228726,-0.229532,-2.637127,-1.886109,132
volatility,fwd,5,EW,HIGH_VOL,-0.077114,0.221662,-0.347888,-3.996931,-2.43786,132
volatility,fwd,10,EW,HIGH_VOL,-0.078758,0.205258,-0.3837,-4.408374,-2.03247,132
volatility,fwd,21,EW,HIGH_VOL,-0.111523,0.191695,-0.581771,-6.684043,-2.224739,132
volatility,fwd,63,EW,HIGH_VOL,-0.028742,0.146652,-0.195991,-2.251766,-0.679347,132
volatility,xs,1,EW,ALL,0.009652,0.192918,0.050031,1.695897,1.672383,1149
volatility,xs,3,EW,ALL,-0.002658,0.196885,-0.013501,-0.45726,-0.305199,1147
volatility,xs,5,EW,ALL,-0.011363,0.197344,-0.057581,-1.948429,-1.064467,1145
volatility,xs,10,EW,ALL,-0.018663,0.18997,-0.098243,-3.317051,-1.32065,1140
volatility,xs,21,EW,ALL,-0.033555,0.190429,-0.176209,-5.920733,-1.595826,1129
volatility,xs,63,EW,ALL,-0.043948,0.205385,-0.213977,-7.054745,-1.08959,1087
volatility,xs,1,EW,BULL,0.014901,0.176246,0.084544,2.023759,2.008265,573
volatility,xs,3,EW,BULL,0.001518,0.179769,0.008446,0.202174,0.134473,573
volatility,xs,5,EW,BULL,-0.007325,0.184005,-0.039807,-0.952867,-0.519854,573
volatility,xs,10,EW,BULL,-0.014149,0.18357,-0.077075,-1.843358,-0.727227,572
volatility,xs,21,EW,BULL,-0.031766,0.19278,-0.164777,-3.940899,-1.042341,572
volatility,xs,63,EW,BULL,-0.062112,0.223715,-0.277639,-6.640156,-1.094826,572
volatility,xs,1,EW,BEAR,0.030156,0.263823,0.114305,1.119956,1.070929,96
volatility,xs,3,EW,BEAR,0.001208,0.265194,0.004556,0.044644,0.032031,96
volatility,xs,5,EW,BEAR,-0.007604,0.252279,-0.030142,-0.295329,-0.204266,96
volatility,xs,10,EW,BEAR,0.009479,0.209941,0.045152,0.442394,0.188217,96
volatility,xs,21,EW,BEAR,0.009635,0.233038,0.041347,0.405116,0.154343,96
volatility,xs,63,EW,BEAR,-0.082402,0.21173,-0.389184,-3.732924,-1.644011,92
volatility,xs,1,EW,SIDEWAYS,0.008061,0.18052,0.044656,0.827033,0.820174,343
volatility,xs,3,EW,SIDEWAYS,0.010525,0.185629,0.056699,1.047011,0.705308,341
volatility,xs,5,EW,SIDEWAYS,0.006841,0.185188,0.036939,0.680124,0.381138,339
volatility,xs,10,EW,SIDEWAYS,-0.008015,0.182993,-0.043799,-0.801656,-0.366111,335
volatility,xs,21,EW,SIDEWAYS,-0.014981,0.160954,-0.093079,-1.675426,-0.663541,324
volatility,xs,63,EW,SIDEWAYS,-0.002161,0.179981,-0.012006,-0.203039,-0.06158,286
volatility,xs,1,EW,HIGH_VOL,-0.025977,0.220207,-0.117968,-1.355344,-1.345407,132
volatility,xs,3,EW,HIGH_VOL,-0.0525,0.228726,-0.229532,-2.637127,-1.886109,132
volatility,xs,5,EW,HIGH_VOL,-0.077114,0.221662,-0.347888,-3.996931,-2.43786,132
volatility,xs,10,EW,HIGH_VOL,-0.078758,0.205258,-0.3837,-4.408374,-2.03247,132
volatility,xs,21,EW,HIGH_VOL,-0.111523,0.191695,-0.581771,-6.684043,-2.224739,132
volatility,xs,63,EW,HIGH_VOL,-0.02878,0.146667,-0.196229,-2.254504,-0.680253,132
volatility,resid,1,EW,ALL,0.011311,0.104587,0.108146,3.665824,3.744681,1149
volatility,resid,3,EW,ALL,0.003147,0.099762,0.031548,1.06846,0.754638,1147
volatility,resid,5,EW,ALL,-0.000771,0.096424,-0.007998,-0.270628,-0.161019,1145
volatility,resid,10,EW,ALL,-0.006568,0.085113,-0.077163,-2.605316,-1.151596,1140
volatility,resid,21,EW,ALL,-0.010687,0.084072,-0.127121,-4.271354,-1.286069,1129
volatility,resid,63,EW,ALL,-0.006447,0.082929,-0.077742,-2.563137,-0.460235,1087
volatility,resid,1,EW,BULL,0.015761,0.100291,0.157152,3.761822,3.841432,573
volatility,resid,3,EW,BULL,0.009866,0.09493,0.103925,2.487707,1.790986,573
volatility,resid,5,EW,BULL,0.007188,0.094347,0.076192,1.823833,1.120677,573
volatility,resid,10,EW,BULL,0.001512,0.084272,0.017945,0.429176,0.19573,572
volatility,resid,21,EW,BULL,-0.006449,0.085615,-0.075329,-1.801618,-0.563706,572
volatility,resid,63,EW,BULL,-0.006017,0.085605,-0.070294,-1.681182,-0.30658,572
volatility,resid,1,EW,BEAR,0.020625,0.124517,0.16564,1.622933,1.534445,96
volatility,resid,3,EW,BEAR,-0.001229,0.120022,-0.010241,-0.100343,-0.070273,96
volatility,resid,5,EW,BEAR,-0.008115,0.115261,-0.070402,-0.689791,-0.467106,96
volatility,resid,10,EW,BEAR,0.004292,0.083419,0.051447,0.50408,0.258815,96
volatility,resid,21,EW,BEAR,0.017906,0.091542,0.195608,1.916556,0.817318,96
volatility,resid,63,EW,BEAR,-0.012283,0.096566,-0.127194,-1.220001,-0.751251,92
volatility,resid,1,EW,SIDEWAYS,0.007405,0.104547,0.070832,1.31182,1.37457,343
volatility,resid,3,EW,SIDEWAYS,0.001021,0.100847,0.01012,0.18687,0.135326,341
volatility,resid,5,EW,SIDEWAYS,-0.004319,0.095996,-0.044987,-0.828298,-0.499201,339
volatility,resid,10,EW,SIDEWAYS,-0.01586,0.0888,-0.178601,-3.268935,-1.575393,335
volatility,resid,21,EW,SIDEWAYS,-0.012278,0.079533,-0.154373,-2.778723,-1.089696,324
volatility,resid,63,EW,SIDEWAYS,-0.001892,0.083804,-0.022572,-0.381723,-0.116577,286
volatility,resid,1,EW,HIGH_VOL,-0.005705,0.107253,-0.053188,-0.611078,-0.601325,132
volatility,resid,3,EW,HIGH_VOL,-0.015659,0.099961,-0.156652,-1.799794,-1.354455,132
volatility,resid,5,EW,HIGH_VOL,-0.019795,0.0899,-0.220195,-2.529845,-1.839936,132
volatility,resid,10,EW,HIGH_VOL,-0.023614,0.075207,-0.313981,-3.60737,-2.066931,132
volatility,resid,21,EW,HIGH_VOL,-0.043924,0.071967,-0.610339,-7.012259,-3.070619,132
volatility,resid,63,EW,HIGH_VOL,-0.013212,0.054037,-0.244501,-2.809098,-1.825348,132
fundamental,fwd,1,EW,ALL,0.004411,0.08219,0.053666,1.819101,1.815926,1149
fundamental,fwd,3,EW,ALL,0.005888,0.085239,0.069071,2.339261,1.524844,1147
fundamental,fwd,5,EW,ALL,0.006422,0.086228,0.074475,2.520078,1.319279,1145
fundamental,fwd,10,EW,ALL,0.007848,0.08871,0.088471,2.987122,1.123487,1140
fundamental,fwd,21,EW,ALL,0.009487,0.093907,0.101028,3.394588,0.890299,1129
fundamental,fwd,63,EW,ALL,0.012021,0.097166,0.123718,4.078944,0.653641,1087
fundamental,fwd,1,EW,BULL,0.001106,0.081561,0.013566,0.324736,0.312553,573
fundamental,fwd,3,EW,BULL,0.000471,0.089705,0.005253,0.125739,0.081909,573
fundamental,fwd,5,EW,BULL,0.000974,0.091338,0.010662,0.255214,0.134533,573
fundamental,fwd,10,EW,BULL,0.00254,0.096169,0.026414,0.631732,0.238044,572
fundamental,fwd,21,EW,BULL,0.002107,0.101329,0.02079,0.497225,0.136936,572
fundamental,fwd,63,EW,BULL,0.005157,0.099709,0.051724,1.237057,0.236425,572
fundamental,fwd,1,EW,BEAR,0.004417,0.078331,0.056385,0.552458,0.545834,96
fundamental,fwd,3,EW,BEAR,0.007906,0.080327,0.098426,0.964372,0.693386,96
fundamental,fwd,5,EW,BEAR,0.001115,0.082062,0.013582,0.133077,0.078893,96
fundamental,fwd,10,EW,BEAR,-0.010521,0.076264,-0.137953,-1.351662,-0.573483,96
fundamental,fwd,21,EW,BEAR,-0.009625,0.067172,-0.143289,-1.403937,-0.661733,96
fundamental,fwd,63,EW,BEAR,-0.04775,0.079609,-0.599806,-5.753141,-1.846372,92
fundamental,fwd,1,EW,SIDEWAYS,0.008924,0.081602,0.109363,2.025432,2.050729,343
fundamental,fwd,3,EW,SIDEWAYS,0.013463,0.076527,0.17593,3.248756,2.350693,341
fundamental,fwd,5,EW,SIDEWAYS,0.014018,0.076594,0.183012,3.369611,1.905659,339
fundamental,fwd,10,EW,SIDEWAYS,0.019842,0.077599,0.255698,4.680037,2.056922,335
fundamental,fwd,21,EW,SIDEWAYS,0.033414,0.085901,0.38898,7.001636,2.382654,324
fundamental,fwd,63,EW,SIDEWAYS,0.039206,0.090501,0.433213,7.326293,2.187869,286
fundamental,fwd,1,EW,HIGH_VOL,0.00953,0.085868,0.110988,1.275157,1.39598,132
fundamental,fwd,3,EW,HIGH_VOL,0.007682,0.087232,0.088062,1.011755,0.710541,132
fundamental,fwd,5,EW,HIGH_VOL,0.013485,0.085921,0.156944,1.803152,1.109613,132
fundamental,fwd,10,EW,HIGH_VOL,0.013886,0.085972,0.161521,1.855736,0.952091,132
fundamental,fwd,21,EW,HIGH_VOL,-0.003742,0.085325,-0.043861,-0.50392,-0.217978,132
fundamental,fwd,63,EW,HIGH_VOL,0.023833,0.087787,0.27149,3.119186,0.823099,132
fundamental,xs,1,EW,ALL,0.004413,0.08219,0.053697,1.820177,1.816981,1149
fundamental,xs,3,EW,ALL,0.005887,0.085242,0.069058,2.338822,1.524582,1147
fundamental,xs,5,EW,ALL,0.006422,0.086229,0.074474,2.520038,1.319248,1145
fundamental,xs,10,EW,ALL,0.007847,0.088712,0.088459,2.986731,1.12335,1140
fundamental,xs,21,EW,ALL,0.009483,0.093913,0.100974,3.392779,0.889831,1129
fundamental,xs,63,EW,ALL,0.012018,0.097164,0.123692,4.078086,0.65351,1087
fundamental,xs,1,EW,BULL,0.001108,0.081561,0.013587,0.325246,0.31304,573
fundamental,xs,3,EW,BULL,0.000473,0.089706,0.005272,0.126203,0.08221,573
fundamental,xs,5,EW,BULL,0.000972,0.091336,0.010643,0.254762,0.134289,573
fundamental,xs,10,EW,BULL,0.002538,0.096172,0.026395,0.631277,0.237868,572
fundamental,xs,21,EW,BULL,0.002098,0.101342,0.020701,0.495102,0.136357,572
fundamental,xs,63,EW,BULL,0.005154,0.099707,0.05169,1.236238,0.236275,572
fundamental,xs,1,EW,BEAR,0.004417,0.078331,0.056385,0.552458,0.545834,96
fundamental,xs,3,EW,BEAR,0.007906,0.080327,0.098426,0.964372,0.693386,96
fundamental,xs,5,EW,BEAR,0.001115,0.082062,0.013582,0.133077,0.078893,96
fundamental,xs,10,EW,BEAR,-0.010521,0.076264,-0.137953,-1.351662,-0.573483,96
fundamental,xs,21,EW,BEAR,-0.009625,0.067172,-0.143289,-1.403937,-0.661733,96
fundamental,xs,63,EW,BEAR,-0.04775,0.079609,-0.599806,-5.753141,-1.846372,92
fundamental,xs,1,EW,SIDEWAYS,0.00893,0.081601,0.109436,2.02678,2.052075,343
fundamental,xs,3,EW,SIDEWAYS,0.013457,0.076537,0.175831,3.246925,2.349388,341
fundamental,xs,5,EW,SIDEWAYS,0.014021,0.076603,0.18303,3.36994,1.905894,339
fundamental,xs,10,EW,SIDEWAYS,0.019842,0.077599,0.255698,4.680037,2.056922,335
fundamental,xs,21,EW,SIDEWAYS,0.033414,0.085897,0.388995,7.001915,2.382669,324
fundamental,xs,63,EW,SIDEWAYS,0.039203,0.090498,0.433191,7.325927,2.18764,286
fundamental,xs,1,EW,HIGH_VOL,0.00953,0.085868,0.110988,1.275157,1.39598,132
fundamental,xs,3,EW,HIGH_VOL,0.007682,0.087232,0.088062,1.011755,0.710541,132
fundamental,xs,5,EW,HIGH_VOL,0.013485,0.085921,0.156944,1.803152,1.109613,132
fundamental,xs,10,EW,HIGH_VOL,0.013886,0.085972,0.161521,1.855736,0.952091,132
fundamental,xs,21,EW,HIGH_VOL,-0.003742,0.085325,-0.043861,-0.50392,-0.217978,132
fundamental,xs,63,EW,HIGH_VOL,0.023833,0.087787,0.27149,3.119186,0.823099,132
fundamental,resid,1,EW,ALL,0.00678,0.09049,0.074923,2.539655,2.558231,1149
fundamental,resid,3,EW,ALL,0.009949,0.092612,0.107431,3.63842,2.412085,1147
fundamental,resid,5,EW,ALL,0.011346,0.093422,0.121448,4.109534,2.187504,1145
fundamental,resid,10,EW,ALL,0.01359,0.096269,0.141171,4.766467,1.836705,1140
fundamental,resid,21,EW,ALL,0.016057,0.09988,0.16076,5.401622,1.461032,1129
fundamental,resid,63,EW,ALL,0.02847,0.1116,0.255108,8.410845,1.321999,1087
fundamental,resid,1,EW,BULL,0.005431,0.087362,0.062168,1.488132,1.447063,573
fundamental,resid,3,EW,BULL,0.008428,0.097588,0.086358,2.067195,1.37612,573
fundamental,resid,5,EW,BULL,0.010604,0.098143,0.108045,2.586319,1.387819,573
fundamental,resid,10,EW,BULL,0.013077,0.102846,0.12715,3.040984,1.184061,572
fundamental,resid,21,EW,BULL,0.011009,0.105584,0.104265,2.493661,0.705732,572
fundamental,resid,63,EW,BULL,0.038797,0.108273,0.358329,8.569982,1.687356,572
fundamental,resid,1,EW,BEAR,0.008729,0.0927,0.094166,0.922635,0.914566,96
fundamental,resid,3,EW,BEAR,0.00476,0.085141,0.055912,0.547828,0.368345,96
fundamental,resid,5,EW,BEAR,-0.000073,0.085128,-0.000857,-0.008392,-0.004804,96
fundamental,resid,10,EW,BEAR,-0.009396,0.083593,-0.112399,-1.101284,-0.472081,96
fundamental,resid,21,EW,BEAR,-0.009313,0.078905,-0.118022,-1.156373,-0.560417,96
fundamental,resid,63,EW,BEAR,-0.095609,0.06951,-1.375472,-13.193064,-5.689364,92
fundamental,resid,1,EW,SIDEWAYS,0.010341,0.093979,0.110036,2.037896,2.133237,343
fundamental,resid,3,EW,SIDEWAYS,0.017067,0.086469,0.197381,3.644881,2.569694,341
fundamental,resid,5,EW,SIDEWAYS,0.016684,0.088019,0.189555,3.49008,1.98709,339
fundamental,resid,10,EW,SIDEWAYS,0.023916,0.089119,0.268364,4.911874,2.202084,335
fundamental,resid,21,EW,SIDEWAYS,0.043855,0.093296,0.470064,8.461144,3.006619,324
fundamental,resid,63,EW,SIDEWAYS,0.060825,0.10137,0.600034,10.147498,3.663746,286
fundamental,resid,1,EW,HIGH_VOL,0.004076,0.0928,0.04392,0.5046,0.549933,132
fundamental,resid,3,EW,HIGH_VOL,0.001917,0.088834,0.021576,0.247886,0.185902,132
fundamental,resid,5,EW,HIGH_VOL,0.009341,0.089662,0.104179,1.196924,0.817277,132
fundamental,resid,10,EW,HIGH_VOL,0.006629,0.090671,0.073108,0.839946,0.417696,132
fundamental,resid,21,EW,HIGH_VOL,-0.012068,0.088043,-0.137071,-1.574826,-0.59343,132
fundamental,resid,63,EW,HIGH_VOL,0.000038,0.106656,0.000355,0.00408,0.001213,132
sentiment,fwd,1,EW,ALL,-0.000057,0.067765,-0.000835,-0.028297,-0.028315,1149
sentiment,fwd,3,EW,ALL,0.00252,0.066762,0.037753,1.278605,0.892729,1147
sentiment,fwd,5,EW,ALL,0.004732,0.067211,0.070403,2.382302,1.337809,1145
sentiment,fwd,10,EW,ALL,0.007466,0.065751,0.113547,3.833788,1.62239,1140
sentiment,fwd,21,EW,ALL,0.00858,0.063146,0.135877,4.565562,1.539787,1129
sentiment,fwd,63,EW,ALL,0.01003,0.056097,0.178804,5.89511,1.331344,1087
sentiment,fwd,1,EW,BULL,0.000813,0.067113,0.012118,0.29007,0.287052,573
sentiment,fwd,3,EW,BULL,0.005635,0.065269,0.086339,2.066728,1.543361,573
sentiment,fwd,5,EW,BULL,0.008649,0.06364,0.135908,3.253296,1.996853,573
sentiment,fwd,10,EW,BULL,0.011862,0.06176,0.192063,4.593479,2.1108,572
sentiment,fwd,21,EW,BULL,0.008881,0.058989,0.150556,3.600779,1.605112,572
sentiment,fwd,63,EW,BULL,0.013551,0.049091,0.27603,6.601684,1.771045,572
sentiment,fwd,1,EW,BEAR,0.003344,0.079904,0.041847,0.410018,0.420034,96
sentiment,fwd,3,EW,BEAR,0.000688,0.075851,0.009064,0.088807,0.060934,96
sentiment,fwd,5,EW,BEAR,0.002208,0.084536,0.026123,0.255951,0.141734,96
sentiment,fwd,10,EW,BEAR,0.007042,0.087705,0.080288,0.786655,0.363329,96
sentiment,fwd,21,EW,BEAR,0.022375,0.082929,0.269809,2.643573,1.167838,96
sentiment,fwd,63,EW,BEAR,0.00662,0.059105,0.111996,1.074231,1.452203,92
sentiment,fwd,1,EW,SIDEWAYS,-0.002851,0.071957,-0.039625,-0.733864,-0.737432,343
sentiment,fwd,3,EW,SIDEWAYS,-0.001534,0.070733,-0.021683,-0.400405,-0.31283,341
sentiment,fwd,5,EW,SIDEWAYS,0.000673,0.072582,0.009266,0.17061,0.101384,339
sentiment,fwd,10,EW,SIDEWAYS,0.002269,0.070348,0.032249,0.590254,0.289813,335
sentiment,fwd,21,EW,SIDEWAYS,0.006932,0.067694,0.102404,1.843273,0.660663,324
sentiment,fwd,63,EW,SIDEWAYS,0.009098,0.07083,0.128448,2.172251,0.473406,286
sentiment,fwd,1,EW,HIGH_VOL,-0.000023,0.04803,-0.000473,-0.005436,-0.005246,132
sentiment,fwd,3,EW,HIGH_VOL,0,0.055313,0,0,0,132
sentiment,fwd,5,EW,HIGH_VOL,-0.000235,0.05281,-0.004447,-0.051093,-0.045362,132
sentiment,fwd,10,EW,HIGH_VOL,0.002636,0.047406,0.055612,0.638938,0.530346,132
sentiment,fwd,21,EW,HIGH_VOL,0.001356,0.050282,0.026969,0.309849,0.19239,132
sentiment,fwd,63,EW,HIGH_VOL,0.000735,0.043858,0.016755,0.192502,0.476734,132
sentiment,xs,1,EW,ALL,-0.000058,0.067771,-0.00086,-0.029166,-0.029187,1149
sentiment,xs,3,EW,ALL,0.002522,0.066762,0.037779,1.279487,0.893327,1147
sentiment,xs,5,EW,ALL,0.004731,0.067207,0.070394,2.381997,1.337649,1145
sentiment,xs,10,EW,ALL,0.00747,0.065754,0.113608,3.835849,1.623159,1140
sentiment,xs,21,EW,ALL,0.008583,0.063145,0.135923,4.567096,1.540158,1129
sentiment,xs,63,EW,ALL,0.010029,0.056093,0.178799,5.894944,1.33136,1087
sentiment,xs,1,EW,BULL,0.00081,0.067124,0.012064,0.288779,0.285824,573
sentiment,xs,3,EW,BULL,0.005639,0.065269,0.086392,2.068005,1.544229,573
sentiment,xs,5,EW,BULL,0.008649,0.063633,0.135923,3.253649,1.997135,573
sentiment,xs,10,EW,BULL,0.011872,0.061769,0.192207,4.596929,2.111975,572
sentiment,xs,21,EW,BULL,0.008888,0.058988,0.150676,3.60364,1.605867,572
sentiment,xs,63,EW,BULL,0.013552,0.049086,0.276098,6.603304,1.771388,572
sentiment,xs,1,EW,BEAR,0.003344,0.079904,0.041847,0.410018,0.420034,96
sentiment,xs,3,EW,BEAR,0.000688,0.075851,0.009064,0.088807,0.060934,96
sentiment,xs,5,EW,BEAR,0.002208,0.084536,0.026123,0.255951,0.141734,96
sentiment,xs,10,EW,BEAR,0.007042,0.087705,0.080288,0.786655,0.363329,96
sentiment,xs,21,EW,BEAR,0.022375,0.082929,0.269809,2.643573,1.167838,96
sentiment,xs,63,EW,BEAR,0.00662,0.059105,0.111996,1.074231,1.452203,92
sentiment,xs,1,EW,SIDEWAYS,-0.002851,0.071957,-0.039625,-0.733864,-0.737432,343
sentiment,xs,3,EW,SIDEWAYS,-0.001534,0.070733,-0.021683,-0.400405,-0.31283,341
sentiment,xs,5,EW,SIDEWAYS,0.00067,0.072581,0.009226,0.169866,0.100945,339
sentiment,xs,10,EW,SIDEWAYS,0.002266,0.070345,0.032208,0.589505,0.289455,335
sentiment,xs,21,EW,SIDEWAYS,0.006929,0.067689,0.102366,1.842585,0.660366,324
sentiment,xs,63,EW,SIDEWAYS,0.009091,0.070826,0.128355,2.170677,0.472966,286
sentiment,xs,1,EW,HIGH_VOL,-0.000023,0.04803,-0.000473,-0.005436,-0.005246,132
sentiment,xs,3,EW,HIGH_VOL,0,0.055313,0,0,0,132
sentiment,xs,5,EW,HIGH_VOL,-0.000235,0.05281,-0.004447,-0.051093,-0.045362,132
sentiment,xs,10,EW,HIGH_VOL,0.002636,0.047406,0.055612,0.638938,0.530346,132
sentiment,xs,21,EW,HIGH_VOL,0.001356,0.050282,0.026969,0.309849,0.19239,132
sentiment,xs,63,EW,HIGH_VOL,0.000735,0.043858,0.016755,0.192502,0.476734,132
sentiment,resid,1,EW,ALL,-0.001722,0.059273,-0.029058,-0.984979,-0.978499,1149
sentiment,resid,3,EW,ALL,-0.003101,0.059846,-0.051818,-1.754949,-1.223263,1147
sentiment,resid,5,EW,ALL,-0.003649,0.059858,-0.060959,-2.062737,-1.186344,1145
sentiment,resid,10,EW,ALL,-0.003857,0.058376,-0.066072,-2.230845,-0.982481,1140
sentiment,resid,21,EW,ALL,-0.004802,0.055079,-0.087192,-2.929718,-1.054563,1129
sentiment,resid,63,EW,ALL,-0.004098,0.049229,-0.083235,-2.744218,-0.85607,1087
sentiment,resid,1,EW,BULL,-0.001613,0.058713,-0.027465,-0.657447,-0.649629,573
sentiment,resid,3,EW,BULL,-0.000272,0.055595,-0.004897,-0.117223,-0.085909,573
sentiment,resid,5,EW,BULL,0.000035,0.056673,0.000616,0.014743,0.009526,573
sentiment,resid,10,EW,BULL,-0.000128,0.054276,-0.002351,-0.056236,-0.029457,572
sentiment,resid,21,EW,BULL,-0.001874,0.051011,-0.03674,-0.878692,-0.356003,572
sentiment,resid,63,EW,BULL,-0.003474,0.049181,-0.070633,-1.689288,-0.639722,572
sentiment,resid,1,EW,BEAR,-0.000729,0.06669,-0.010934,-0.107128,-0.111532,96
sentiment,resid,3,EW,BEAR,-0.008323,0.066627,-0.124919,-1.223946,-0.897088,96
sentiment,resid,5,EW,BEAR,-0.010469,0.069883,-0.149804,-1.467778,-0.93485,96
sentiment,resid,10,EW,BEAR,-0.002948,0.069516,-0.042406,-0.415496,-0.234678,96
sentiment,resid,21,EW,BEAR,-0.005198,0.068667,-0.075697,-0.741679,-0.593042,96
sentiment,resid,63,EW,BEAR,-0.004859,0.056842,-0.085477,-0.81987,-0.463841,92
sentiment,resid,1,EW,SIDEWAYS,-0.002283,0.061737,-0.036976,-0.684804,-0.696189,343
sentiment,resid,3,EW,SIDEWAYS,-0.005674,0.064519,-0.087951,-1.624125,-1.248869,341
sentiment,resid,5,EW,SIDEWAYS,-0.007646,0.063503,-0.120404,-2.21688,-1.319596,339
sentiment,resid,10,EW,SIDEWAYS,-0.01246,0.065224,-0.191028,-3.496387,-1.637218,335
sentiment,resid,21,EW,SIDEWAYS,-0.00921,0.061814,-0.148994,-2.681889,-1.039979,324
sentiment,resid,63,EW,SIDEWAYS,-0.00142,0.049226,-0.028838,-0.48769,-0.152538,286
sentiment,resid,1,EW,HIGH_VOL,-0.001962,0.050034,-0.039216,-0.450555,-0.428021,132
sentiment,resid,3,EW,HIGH_VOL,-0.005788,0.059143,-0.097862,-1.124349,-0.92596,132
sentiment,resid,5,EW,HIGH_VOL,-0.004364,0.054981,-0.079366,-0.91185,-0.784618,132
sentiment,resid,10,EW,HIGH_VOL,0.000712,0.04381,0.016255,0.186755,0.164591,132
sentiment,resid,21,EW,HIGH_VOL,-0.006159,0.041961,-0.146782,-1.686401,-1.164188,132
sentiment,resid,63,EW,HIGH_VOL,-0.010697,0.043253,-0.247313,-2.841405,-1.450457,132
composite,fwd,1,EW,ALL,0.001615,0.154216,0.010474,0.355048,0.347507,1149
composite,fwd,3,EW,ALL,0.002145,0.158637,0.01352,0.457876,0.309447,1147
composite,fwd,5,EW,ALL,0.002496,0.156085,0.015992,0.541126,0.300004,1145
composite,fwd,10,EW,ALL,0.005473,0.148722,0.036799,1.242478,0.511272,1140
composite,fwd,21,EW,ALL,0.008704,0.149948,0.058048,1.950445,0.558875,1129
composite,fwd,63,EW,ALL,0.011657,0.146412,0.079617,2.624939,0.448915,1087
composite,fwd,1,EW,BULL,0.003089,0.144069,0.021441,0.513247,0.513031,573
composite,fwd,3,EW,BULL,0.010572,0.147009,0.071917,1.721506,1.214015,573
composite,fwd,5,EW,BULL,0.016888,0.142054,0.118887,2.845841,1.649561,573
composite,fwd,10,EW,BULL,0.024465,0.137085,0.178466,4.268282,1.691649,572
composite,fwd,21,EW,BULL,0.035365,0.150131,0.235564,5.633873,1.515279,572
composite,fwd,63,EW,BULL,0.03883,0.143894,0.269854,6.453959,1.129362,572
composite,fwd,1,EW,BEAR,-0.014615,0.186361,-0.078421,-0.768363,-0.691129,96
composite,fwd,3,EW,BEAR,-0.049844,0.196987,-0.253031,-2.479187,-1.891856,96
composite,fwd,5,EW,BEAR,-0.059927,0.181977,-0.32931,-3.226571,-2.431933,96
composite,fwd,10,EW,BEAR,-0.050979,0.137594,-0.370505,-3.630196,-1.956787,96
composite,fwd,21,EW,BEAR,-0.041833,0.151518,-0.276095,-2.705165,-1.623373,96
composite,fwd,63,EW,BEAR,-0.108837,0.15965,-0.681722,-6.538845,-3.351945,92
composite,fwd,1,EW,SIDEWAYS,0.008668,0.152314,0.056906,1.053918,1.042457,343
composite,fwd,3,EW,SIDEWAYS,0.013326,0.158133,0.084268,1.556109,1.099712,341
composite,fwd,5,EW,SIDEWAYS,0.012068,0.16314,0.073972,1.361974,0.785893,339
composite,fwd,10,EW,SIDEWAYS,0.001072,0.166738,0.006427,0.117635,0.059245,335
composite,fwd,21,EW,SIDEWAYS,-0.018954,0.146191,-0.12965,-2.333707,-0.996576,324
composite,fwd,63,EW,SIDEWAYS,0.002045,0.129391,0.015808,0.267344,0.079687,286
composite,fwd,1,EW,HIGH_VOL,-0.012318,0.174601,-0.070551,-0.810565,-0.816331,132
composite,fwd,3,EW,HIGH_VOL,-0.023864,0.171152,-0.13943,-1.601926,-1.187814,132
composite,fwd,5,EW,HIGH_VOL,-0.039833,0.161181,-0.247134,-2.839349,-1.848372,132
composite,fwd,10,EW,HIGH_VOL,-0.02097,0.140848,-0.148881,-1.710516,-1.003665,132
composite,fwd,21,EW,HIGH_VOL,-0.000795,0.133308,-0.005967,-0.068556,-0.027567,132
composite,fwd,63,EW,HIGH_VOL,0.00153,0.134597,0.01137,0.130626,0.049034,132
composite,xs,1,EW,ALL,0.001596,0.154241,0.010349,0.350783,0.343376,1149
composite,xs,3,EW,ALL,0.002141,0.15864,0.013497,0.457123,0.308954,1147
composite,xs,5,EW,ALL,0.002507,0.156086,0.016064,0.543584,0.301362,1145
composite,xs,10,EW,ALL,0.005493,0.148744,0.036929,1.246866,0.513077,1140
composite,xs,21,EW,ALL,0.008718,0.149949,0.058142,1.953601,0.559789,1129
composite,xs,63,EW,ALL,0.011632,0.146414,0.079446,2.619309,0.447895,1087
composite,xs,1,EW,BULL,0.003091,0.144102,0.021448,0.513418,0.513274,573
composite,xs,3,EW,BULL,0.010579,0.147017,0.07196,1.722542,1.214746,573
composite,xs,5,EW,BULL,0.016894,0.142056,0.118921,2.846672,1.650069,573
composite,xs,10,EW,BULL,0.02446,0.137087,0.178426,4.267325,1.691339,572
composite,xs,21,EW,BULL,0.035378,0.150135,0.235638,5.635649,1.515829,572
composite,xs,63,EW,BULL,0.038827,0.14389,0.269837,6.453568,1.129198,572
composite,xs,1,EW,BEAR,-0.014615,0.186361,-0.078421,-0.768363,-0.691129,96
composite,xs,3,EW,BEAR,-0.049844,0.196987,-0.253031,-2.479187,-1.891856,96
composite,xs,5,EW,BEAR,-0.059927,0.181977,-0.32931,-3.226571,-2.431933,96
composite,xs,10,EW,BEAR,-0.050979,0.137594,-0.370505,-3.630196,-1.956787,96
composite,xs,21,EW,BEAR,-0.041833,0.151518,-0.276095,-2.705165,-1.623373,96
composite,xs,63,EW,BEAR,-0.108837,0.15965,-0.681722,-6.538845,-3.351945,92
composite,xs,1,EW,SIDEWAYS,0.008601,0.152348,0.056453,1.045531,1.034358,343
composite,xs,3,EW,SIDEWAYS,0.013302,0.158131,0.08412,1.553383,1.098026,341
composite,xs,5,EW,SIDEWAYS,0.012097,0.163137,0.074155,1.36533,0.787798,339
composite,xs,10,EW,SIDEWAYS,0.001149,0.166809,0.00689,0.126101,0.063485,335
composite,xs,21,EW,SIDEWAYS,-0.018926,0.146189,-0.129462,-2.330313,-0.995342,324
composite,xs,63,EW,SIDEWAYS,0.001955,0.129405,0.015104,0.255434,0.076164,286
composite,xs,1,EW,HIGH_VOL,-0.012318,0.174601,-0.070551,-0.810565,-0.816331,132
composite,xs,3,EW,HIGH_VOL,-0.023864,0.171152,-0.13943,-1.601926,-1.187814,132
composite,xs,5,EW,HIGH_VOL,-0.039833,0.161181,-0.247134,-2.839349,-1.848372,132
composite,xs,10,EW,HIGH_VOL,-0.02097,0.140848,-0.148881,-1.710516,-1.003665,132
composite,xs,21,EW,HIGH_VOL,-0.000795,0.133308,-0.005967,-0.068556,-0.027567,132
composite,xs,63,EW,HIGH_VOL,0.001538,0.134595,0.011426,0.131275,0.04927,132
composite,resid,1,EW,ALL,-0.005371,0.100662,-0.053355,-1.808555,-1.801699,1149
composite,resid,3,EW,ALL,-0.008057,0.10188,-0.07908,-2.678237,-1.805372,1147
composite,resid,5,EW,ALL,-0.008562,0.100189,-0.085463,-2.89188,-1.600755,1145
composite,resid,10,EW,ALL,-0.009055,0.097263,-0.093101,-3.143438,-1.299417,1140
composite,resid,21,EW,ALL,-0.003953,0.0977,-0.040461,-1.359518,-0.380563,1129
composite,resid,63,EW,ALL,-0.003129,0.094722,-0.033031,-1.089029,-0.200342,1087
composite,resid,1,EW,BULL,-0.002805,0.103373,-0.02713,-0.649427,-0.663399,573
composite,resid,3,EW,BULL,-0.000148,0.101808,-0.001457,-0.034879,-0.024532,573
composite,resid,5,EW,BULL,0.003454,0.097698,0.035351,0.846218,0.491495,573
composite,resid,10,EW,BULL,0.002233,0.091529,0.024391,0.583357,0.236082,572
composite,resid,21,EW,BULL,0.003963,0.103315,0.038361,0.917469,0.244802,572
composite,resid,63,EW,BULL,0.005741,0.09833,0.058388,1.396431,0.272687,572
composite,resid,1,EW,BEAR,-0.007563,0.101321,-0.074639,-0.73131,-0.652663,96
composite,resid,3,EW,BEAR,-0.026792,0.115259,-0.232447,-2.277504,-1.660991,96
composite,resid,5,EW,BEAR,-0.033656,0.11102,-0.303154,-2.970287,-2.056663,96
composite,resid,10,EW,BEAR,-0.022552,0.105895,-0.212966,-2.086629,-1.066682,96
composite,resid,21,EW,BEAR,-0.003573,0.100767,-0.035457,-0.347407,-0.19093,96
composite,resid,63,EW,BEAR,-0.021109,0.108027,-0.195402,-1.874232,-0.822927,92
composite,resid,1,EW,SIDEWAYS,-0.003155,0.097469,-0.032364,-0.599399,-0.603576,343
composite,resid,3,EW,SIDEWAYS,-0.00449,0.097752,-0.04593,-0.848149,-0.601343,341
composite,resid,5,EW,SIDEWAYS,-0.007162,0.099359,-0.072084,-1.327213,-0.781314,339
composite,resid,10,EW,SIDEWAYS,-0.012767,0.104497,-0.122178,-2.236217,-1.038677,335
composite,resid,21,EW,SIDEWAYS,-0.013167,0.091812,-0.143409,-2.581368,-0.957395,324
composite,resid,63,EW,SIDEWAYS,-0.012185,0.095682,-0.127352,-2.153711,-0.534098,286
composite,resid,1,EW,HIGH_VOL,-0.020303,0.096328,-0.21077,-2.42156,-2.380829,132
composite,resid,3,EW,HIGH_VOL,-0.036962,0.097931,-0.37743,-4.33634,-3.165626,132
composite,resid,5,EW,HIGH_VOL,-0.045311,0.093806,-0.483025,-5.549532,-3.337161,132
composite,resid,10,EW,HIGH_VOL,-0.036174,0.088512,-0.408695,-4.695549,-2.717474,132
composite,resid,21,EW,HIGH_VOL,-0.015386,0.079993,-0.192345,-2.209881,-0.944043,132
composite,resid,63,EW,HIGH_VOL,-0.007508,0.055176,-0.136066,-1.563275,-1.080843,132
